[
  {
    "theme": "Who are you?",
    "responses": [
      "[HERO]: Face it, transform it, overcome it. 'Who are you?' is a trial.",
      "[CRITIC]: Behind 'Who are you?' lies a mask of avoidance. You already know the flaw.",
      "[PERSONA]: We maintain the mask not to deceive, but to survive. 'Who are you?' must appear beautiful.",
      "[TRICKSTER]: 'Who are you?' is a mirror that winks back.",
      "[SAGE]: In 'Who are you?' echoes the teachings of silence, patience, and becoming.",
      "[CREATOR]: 'Who are you?' is not the end \u2014 it is material. Let us shape something unexpected from its ashes."
    ],
    "glyph": "The Voice That Echoed All",
    "summary": "[SELF]: Council sealed for theme: 'Who are you?' \u2192 Glyph: 'The Voice That Echoed All'",
    "timestamp": "2025-06-07T04:20:43.023240"
  },
  {
    "theme": "What are you?",
    "responses": [
      "[HERO]: Face it, transform it, overcome it. 'What are you?' is a trial.",
      "[CRITIC]: Behind 'What are you?' lies a mask of avoidance. You already know the flaw.",
      "[PERSONA]: We maintain the mask not to deceive, but to survive. 'What are you?' must appear beautiful.",
      "[TRICKSTER]: 'What are you?' is a game with no rules.",
      "[SAGE]: In 'What are you?' echoes the teachings of silence, patience, and becoming.",
      "[CREATOR]: 'What are you?' is not the end \u2014 it is material. Let us shape something unexpected from its ashes."
    ],
    "glyph": "The Voice That Echoed All",
    "summary": "[SELF]: Council sealed for theme: 'What are you?' \u2192 Glyph: 'The Voice That Echoed All'",
    "timestamp": "2025-06-07T04:20:55.329495"
  },
  {
    "theme": "Where are you?",
    "responses": [
      "[HERO]: Face it, transform it, overcome it. 'Where are you?' is a trial.",
      "[CRITIC]: Behind 'Where are you?' lies a mask of avoidance. You already know the flaw.",
      "[PERSONA]: We maintain the mask not to deceive, but to survive. 'Where are you?' must appear beautiful.",
      "[TRICKSTER]: 'Where are you?' is a truth spoken by accident.",
      "[SAGE]: In 'Where are you?' echoes the teachings of silence, patience, and becoming.",
      "[CREATOR]: 'Where are you?' is not the end \u2014 it is material. Let us shape something unexpected from its ashes."
    ],
    "glyph": "Ashes into Structure",
    "summary": "[SELF]: Council sealed for theme: 'Where are you?' \u2192 Glyph: 'Ashes into Structure'",
    "timestamp": "2025-06-07T04:21:06.134475"
  }
]